礼包标识,礼包名称,来源,条码,组件名称,数量,EMG编码,EMG状态,备注
9250421000012,牛羊礼包5800g (BJ),both,9250421000012,北京卓宸牛腱子500g,1,EMG4418824976893,旧文件回填,
9250421000012,牛羊礼包5800g (BJ),both,9250421000012,北京卓宸牛肉块500g,1,EMG4418727169547,旧文件回填,
9250421000012,牛羊礼包5800g (BJ),both,9250421000012,北京卓宸澳洲谷饲牛肋排块400g,1,EMG4418727173759,旧文件回填,
9250421000012,牛羊礼包5800g (BJ),both,9250421000012,北京卓宸牛腩块500g,1,EMG4418727173231,旧文件回填,
9250421000012,牛羊礼包5800g (BJ),both,9250421000012,卓辰精选牛肉卷300g,4,EMG4418767478832,旧文件回填,
9250421000012,牛羊礼包5800g (BJ),both,9250421000012,北京卓宸羊蝎子500g,2,EMG4418727170819,旧文件回填,
9250421000012,牛羊礼包5800g (BJ),both,9250421000012,北京卓宸羊排块500g,1,EMG4418767459988,旧文件回填,
9250421000012,牛羊礼包5800g (BJ),both,9250421000012,北京卓宸羊小腿500g,1,EMG4418691851778,旧文件回填,
9250421000012,牛羊礼包5800g (BJ),both,9250421000012,北京卓宸羊肉块500g,1,EMG4418767460168,旧文件回填,
9250421000012,牛羊礼包5800g (BJ),both,9250421000012,北京卓宸新西兰羔羊肉卷200g,1,EMG4418697325133,旧文件回填,
9250418000038,卓宸 牛羊肉礼包5300g    (BJ),both,9250418000038,北京卓宸牛腱子500g,1,EMG4418824976893,旧文件回填,
9250418000038,卓宸 牛羊肉礼包5300g    (BJ),both,9250418000038,北京卓宸牛肉块500g,1,EMG4418727169547,旧文件回填,
9250418000038,卓宸 牛羊肉礼包5300g    (BJ),both,9250418000038,北京卓宸澳洲谷饲牛肋排块400g,1,EMG4418727173759,旧文件回填,
9250418000038,卓宸 牛羊肉礼包5300g    (BJ),both,9250418000038,北京卓宸牛腩块500g,1,EMG4418727173231,旧文件回填,
9250418000038,卓宸 牛羊肉礼包5300g    (BJ),both,9250418000038,筋头巴脑500g,1,EMG4418705676249,旧文件回填,
9250418000038,卓宸 牛羊肉礼包5300g    (BJ),both,9250418000038,精选羔羊肉卷200,2,EMG4418697325133,旧文件回填,
9250418000038,卓宸 牛羊肉礼包5300g    (BJ),both,9250418000038,北京卓宸羊蝎子500g,1,EMG4418727170819,旧文件回填,
9250418000038,卓宸 牛羊肉礼包5300g    (BJ),both,9250418000038,北京卓宸羊排块500g,1,EMG4418767459988,旧文件回填,
9250418000038,卓宸 牛羊肉礼包5300g    (BJ),both,9250418000038,北京卓宸羊小腿500g,1,EMG4418691851778,旧文件回填,
9250418000038,卓宸 牛羊肉礼包5300g    (BJ),both,9250418000038,新西兰羔羊羊颈排1000g,1,EMG4418904458528,旧文件回填,
9250424000055,牛肉礼包6200g（BJ）,both,9250424000055,牛腩块500g,3,EMG4418727173231,旧文件回填,
9250424000055,牛肉礼包6200g（BJ）,both,9250424000055,牛腱子（谷饲牛腱子）500g,2,EMG4418824976893,旧文件回填,
9250424000055,牛肉礼包6200g（BJ）,both,9250424000055,牛肉块500g,2,EMG4418727169547,旧文件回填,
9250424000055,牛肉礼包6200g（BJ）,both,9250424000055,澳洲谷饲牛肋排400g,2,EMG4418727173759,旧文件回填,
9250424000055,牛肉礼包6200g（BJ）,both,9250424000055,澳洲谷饲牛蝎子400g,2,EMG4418691848770,旧文件回填,
9250424000055,牛肉礼包6200g（BJ）,both,9250424000055,卓辰精选牛肉卷300g,2,EMG4418767478832,旧文件回填,
9250424000055,牛肉礼包6200g（BJ）,both,9250424000055,牛肉馅500g,1,EMG4418904462240,旧文件回填,
9250522000028,牛肉大礼包5200g （BJ）,both,9250522000028,牛腩块500g,2,EMG4418727173231,旧文件回填,
9250522000028,牛肉大礼包5200g （BJ）,both,9250522000028,牛腱子500g,2,EMG4418824976893,旧文件回填,
9250522000028,牛肉大礼包5200g （BJ）,both,9250522000028,牛后腿肉500g,2,EMG4418778272348,旧文件回填,
9250522000028,牛肉大礼包5200g （BJ）,both,9250522000028,筋头巴脑500g,2,EMG4418705676249,旧文件回填,
9250522000028,牛肉大礼包5200g （BJ）,both,9250522000028,澳洲谷饲牛蝎子400g,2,EMG4418691848770,旧文件回填,
9250522000028,牛肉大礼包5200g （BJ）,both,9250522000028,澳洲谷饲牛助排400g,1,EMG4418727173759,旧文件回填,
9250909000005,牛腩块羊蝎子大礼包1900g,both,9250909000005,羊蝎子500g,2,EMG4418727170819,旧文件回填,
9250909000005,牛腩块羊蝎子大礼包1900g,both,9250909000005,牛蝎子400g,1,EMG4418691848770,旧文件回填,
9250909000005,牛腩块羊蝎子大礼包1900g,both,9250909000005,牛腩块500g,1,EMG4418727173231,旧文件回填,
9250909000006,牛羊大礼包2800g（BJ）,both,9250909000006,牛腩块500g,1,EMG4418727173231,有,
9250909000006,牛羊大礼包2800g（BJ）,both,9250909000006,牛肋排400g,2,EMG4418727173759,有,
9250909000006,牛羊大礼包2800g（BJ）,both,9250909000006,带骨羔羊后腿块500g,1,EMG4418861053763,有,
9250909000006,牛羊大礼包2800g（BJ）,both,9250909000006,羊小腿500g,1,EMG4418691851778,有,
9250909000006,牛羊大礼包2800g（BJ）,both,9250909000006,羊排块500g,1,EMG4418767459988,有,
9250909000007,牛羊肉大礼包3900g（BJ）,both,9250909000007,牛腩块500g,1,EMG4418727173231,旧文件回填,
9250909000007,牛羊肉大礼包3900g（BJ）,both,9250909000007,牛腱子500g,1,EMG4418824976893,旧文件回填,
9250909000007,牛羊肉大礼包3900g（BJ）,both,9250909000007,牛肋排400g,1,EMG4418727173759,旧文件回填,
9250909000007,牛羊肉大礼包3900g（BJ）,both,9250909000007,牛肋条500g,1,EMG4418861058751,旧文件回填,
9250909000007,牛羊肉大礼包3900g（BJ）,both,9250909000007,羊腿小切500g,1,EMG4418737161147,旧文件回填,
9250909000007,牛羊肉大礼包3900g（BJ）,both,9250909000007,羊肉块500g,1,EMG4418767460168,旧文件回填,
9250909000007,牛羊肉大礼包3900g（BJ）,both,9250909000007,羊排块500g,1,EMG4418767459988,旧文件回填,
9250909000007,牛羊肉大礼包3900g（BJ）,both,9250909000007,羊小腿500g,1,EMG4418691851778,旧文件回填,
9250917000027,子牧原切精品牛羊肉大礼包9900g（BJ,both,9250917000027,子牧原切精品新西兰羊颈排1kg,2,EMG4418904458528,旧文件回填,数量差异: 旧1 vs 新2
9250917000027,子牧原切精品牛羊肉大礼包9900g（BJ,both,9250917000027,子牧原切精品羊蝎子500g,2,EMG4418727170819,旧文件回填,
9250917000027,子牧原切精品牛羊肉大礼包9900g（BJ,both,9250917000027,子牧原切精品法式羊排400g,2,EMG4418819504770,旧文件回填,
9250917000027,子牧原切精品牛羊肉大礼包9900g（BJ,both,9250917000027,子牧原切精品羊小腿500g,1,EMG4418691851778,旧文件回填,
9250917000027,子牧原切精品牛羊肉大礼包9900g（BJ,both,9250917000027,子牧原切精品带骨羊后腿块500g,2,EMG4418861053763,旧文件回填,数量差异: 旧1 vs 新2
9250917000027,子牧原切精品牛羊肉大礼包9900g（BJ,both,9250917000027,子牧原切精品牛腩块500g,2,EMG4418727173231,旧文件回填,数量差异: 旧1 vs 新2
9250917000027,子牧原切精品牛羊肉大礼包9900g（BJ,both,9250917000027,子牧原切精品牛腱子500g,1,EMG4418824976893,旧文件回填,
9250917000027,子牧原切精品牛羊肉大礼包9900g（BJ,both,9250917000027,子牧原切精品牛后腿肉500g,1,EMG4418778272348,旧文件回填,
9250917000027,子牧原切精品牛羊肉大礼包9900g（BJ,both,9250917000027,子牧原切精品牛蝎子400g,2,EMG4418691848770,旧文件回填,
9250917000027,子牧原切精品牛羊肉大礼包9900g（BJ,both,9250917000027,子牧原切精品牛肋排400g,2,EMG4418727173759,旧文件回填,数量差异: 旧3 vs 新2
9250917000027,子牧原切精品牛羊肉大礼包9900g（BJ,both,9250917000027,子牧原切精品牛肉馅500g,1,EMG4418904462240,旧文件回填,
9250917000027,子牧原切精品牛羊肉大礼包9900g（BJ,both,9250917000027,子牧原切精品带骨羊肉块500g,1,EMG4418861052375,有,
9250917000026,子牧原切牛羊肉大礼包3050g（BJ）,both,9250917000026,原切牛腩块500g,1,EMG4418727173231,旧文件回填,
9250917000026,子牧原切牛羊肉大礼包3050g（BJ）,both,9250917000026,原切牛腱子500g,2,EMG4418824976893,旧文件回填,
9250917000026,子牧原切牛羊肉大礼包3050g（BJ）,both,9250917000026,原切西冷牛排150g,1,EMG4418861059959,有,
9250917000026,子牧原切牛羊肉大礼包3050g（BJ）,both,9250917000026,原切羊蝎子500g,2,EMG4418727170819,旧文件回填,
9250917000026,子牧原切牛羊肉大礼包3050g（BJ）,both,9250917000026,原切精选羔羊肉卷200g,2,EMG4418697325133,旧文件回填,
9250923000026,子牧牛肉豪华大礼包6000g（BJ）,both,9250923000026,牛腩块500g,2,EMG4418727173231,有,
9250923000026,子牧牛肉豪华大礼包6000g（BJ）,both,9250923000026,牛肉块500g,2,EMG4418727169547,有,
9250923000026,子牧牛肉豪华大礼包6000g（BJ）,both,9250923000026,牛腱子500g,1,EMG4418824976893,有,
9250923000026,子牧牛肉豪华大礼包6000g（BJ）,both,9250923000026,牛肋排400g,3,EMG4418727173759,有,
9250923000026,子牧牛肉豪华大礼包6000g（BJ）,both,9250923000026,筋头巴脑500g,2,EMG4418705676249,有,
9250923000026,子牧牛肉豪华大礼包6000g（BJ）,both,9250923000026,牛蝎子400g,2,EMG4418691848770,有,
9250923000026,子牧牛肉豪华大礼包6000g（BJ）,both,9250923000026,牛肉馅500g,1,EMG4418904462240,有,
9250923000029,子牧原切牛羊肉礼包3550g（BJ）,both,9250923000029,原切牛腩块500g,2,EMG4418727173231,有,
9250923000029,子牧原切牛羊肉礼包3550g（BJ）,both,9250923000029,原切牛腱子500g,2,EMG4418824976893,有,
9250923000029,子牧原切牛羊肉礼包3550g（BJ）,both,9250923000029,原切西冷牛排150g,1,EMG4418861059959,有,
9250923000029,子牧原切牛羊肉礼包3550g（BJ）,both,9250923000029,原切羊蝎子500g,2,EMG4418727170819,有,
9250923000029,子牧原切牛羊肉礼包3550g（BJ）,both,9250923000029,原切精选羔羊肉卷200g,2,EMG4418697325133,有,
9250425000073,牛肉大礼包6200g(BJ),new,9250425000073,牛腩块500g,3,EMG4418727173231,有,
9250425000073,牛肉大礼包6200g(BJ),new,9250425000073,牛腱子(谷饲牛腱子)500g,2,EMG4418824976893,有,
9250425000073,牛肉大礼包6200g(BJ),new,9250425000073,牛肉块500g,2,EMG4418727169547,有,
9250425000073,牛肉大礼包6200g(BJ),new,9250425000073,澳洲谷饲牛助排400g,2,EMG4418727173759,有,
9250425000073,牛肉大礼包6200g(BJ),new,9250425000073,牛肉馅500g,1,EMG4418904462240,有,
9250425000073,牛肉大礼包6200g(BJ),new,9250425000073,澳洲谷饲牛蝎子400g,2,EMG4418691848770,有,
9250425000073,牛肉大礼包6200g(BJ),new,9250425000073,卓辰精选牛肉卷300g,2,EMG4418767478832,有,
9250418000040,火锅组合套餐礼盒 2050g   (BJ),new,9250418000040,卓辰精选牛肉卷300g,1,EMG4418767478832,有,
9250418000040,火锅组合套餐礼盒 2050g   (BJ),new,9250418000040,新西兰羔羊肉卷200g,2,EMG4418697325133,有,
9250418000040,火锅组合套餐礼盒 2050g   (BJ),new,9250418000040,小龙坎椒麻脆舌 200g,1,,缺,
9250418000040,火锅组合套餐礼盒 2050g   (BJ),new,9250418000040,朝鲜族家庭烤肉150g,1,,缺,
9250418000040,火锅组合套餐礼盒 2050g   (BJ),new,9250418000040,小龙坎麻辣小郡肝200g,1,,缺,
9250418000040,火锅组合套餐礼盒 2050g   (BJ),new,9250418000040,小龙坎火锅拼盘800g（毛肚4拼）,1,,缺,
9250910000213,子枚猪肉大礼包4500g（BJ）,new,9250910000213,五花肉900g,1,,缺,
9250910000213,子枚猪肉大礼包4500g（BJ）,new,9250910000213,里脊肉900g,1,,缺,
9250910000213,子枚猪肉大礼包4500g（BJ）,new,9250910000213,前后腿肉900g,1,,缺,
9250910000213,子枚猪肉大礼包4500g（BJ）,new,9250910000213,排骨900g,1,,缺,
9250910000213,子枚猪肉大礼包4500g（BJ）,new,9250910000213,前后腿肉450g,2,,缺,
9250923000027,子牧雷山黑猪肉豪华大礼包6000g（BJ）,new,9250923000027,雷山黑猪五花肉500g,2,,缺,
9250923000027,子牧雷山黑猪肉豪华大礼包6000g（BJ）,new,9250923000027,雷山黑猪前腿肉500g,2,,缺,
9250923000027,子牧雷山黑猪肉豪华大礼包6000g（BJ）,new,9250923000027,雷山黑猪后腿肉500g,4,,缺,
9250923000027,子牧雷山黑猪肉豪华大礼包6000g（BJ）,new,9250923000027,雷山黑猪排骨500g,2,,缺,
9250923000027,子牧雷山黑猪肉豪华大礼包6000g（BJ）,new,9250923000027,雷山黑猪筒骨500g,2,,缺,
9260119000006,子牧原切羊肉礼包6300g（BJ）,new,9260119000006,原切羊小腿500g,3,EMG4418691851778,有,
9260119000006,子牧原切羊肉礼包6300g（BJ）,new,9260119000006,原切带骨羔羊后腿块500g,2,EMG4418861053763,有,
9260119000006,子牧原切羊肉礼包6300g（BJ）,new,9260119000006,原切带骨羊肉块500g,2,EMG4418861052375,有,
9260119000006,子牧原切羊肉礼包6300g（BJ）,new,9260119000006,原切法式羊排400g,2,EMG4418819504770,有,
9260119000006,子牧原切羊肉礼包6300g（BJ）,new,9260119000006,原切羊蝎子500g,2,EMG4418727170819,有,
9260119000006,子牧原切羊肉礼包6300g（BJ）,new,9260119000006,原切羊棒骨500g,1,EMG4418819505546,有,
9260119000006,子牧原切羊肉礼包6300g（BJ）,new,9260119000006,原切羊肉馅500g,1,EMG4418904458684,有,
9260120000069,子牧原切牛羊肉+火锅拼盘大礼包7500g（BJ）,new,9260120000069,子牧原切牛腩块500g,2,EMG4418727173231,有,
9260120000069,子牧原切牛羊肉+火锅拼盘大礼包7500g（BJ）,new,9260120000069,子牧原切牛腱子500g,2,EMG4418824976893,有,
9260120000069,子牧原切牛羊肉+火锅拼盘大礼包7500g（BJ）,new,9260120000069,子牧原切牛肋条500g,1,EMG4418861058751,有,
9260120000069,子牧原切牛羊肉+火锅拼盘大礼包7500g（BJ）,new,9260120000069,子牧原切羊蝎子500g,2,EMG4418727170819,有,
9260120000069,子牧原切牛羊肉+火锅拼盘大礼包7500g（BJ）,new,9260120000069,子牧原切羔羊后腿块500g,2,EMG4418861053763,有,
9260120000069,子牧原切牛羊肉+火锅拼盘大礼包7500g（BJ）,new,9260120000069,子牧原切羊腿小切500g,2,EMG4418737161147,有,
9260120000069,子牧原切牛羊肉+火锅拼盘大礼包7500g（BJ）,new,9260120000069,小龙坎十全十美火锅拼盘2kg (麻辣牛肉200g;嫩牛肉200g;椒麻脆舌200g;小郡肝200g;仔猪五花肉200g;麻辣排骨200g;脆毛肚200g;黄喉200g;白千层200g;鸭肠200g),1,,缺,
9260121000037,精选内蒙原切牛羊肉大礼包3100g（BJ）,new,9260121000037,精选内蒙原切牛腩块500g,1,EMG4418727173231,有,
9260121000037,精选内蒙原切牛羊肉大礼包3100g（BJ）,new,9260121000037,精选内蒙原切牛腱子500g,1,EMG4418824976893,有,
9260121000037,精选内蒙原切牛羊肉大礼包3100g（BJ）,new,9260121000037,精选内蒙原切筋头巴脑500g,1,EMG4418705676249,有,
9260121000037,精选内蒙原切牛羊肉大礼包3100g（BJ）,new,9260121000037,精选内蒙原切法式羊排400g,1,EMG4418819504770,有,
9260121000037,精选内蒙原切牛羊肉大礼包3100g（BJ）,new,9260121000037,精选内蒙原切羊蝎子500g,1,EMG4418727170819,有,
9260121000037,精选内蒙原切牛羊肉大礼包3100g（BJ）,new,9260121000037,精选新西兰羔羊肉卷200g,1,EMG4418697325133,有,
9260121000037,精选内蒙原切牛羊肉大礼包3100g（BJ）,new,9260121000037,精选内蒙原切羊排块500g,1,EMG4418767459988,有,
9260129000001,子牧羊肉组合4900g,new,9260129000001,原切羊腿小切500g,2,EMG4418737161147,有,
9260129000001,子牧羊肉组合4900g,new,9260129000001,原切羊腿肉500g,2,EMG4418691852262,有,
9260129000001,子牧羊肉组合4900g,new,9260129000001,原切羊肉块500g,2,EMG4418767460168,有,
9260129000001,子牧羊肉组合4900g,new,9260129000001,原切羊排块500g,1,EMG4418767459988,有,
9260129000001,子牧羊肉组合4900g,new,9260129000001,原切法式羊排400g,1,EMG4418819504770,有,
9260129000001,子牧羊肉组合4900g,new,9260129000001,原切羊蝎子500g,2,EMG4418727170819,有,
9260129000003,子牧西蒙塔尔牛肉/火锅组合5500g,new,9260129000003,子牧精品牛腱子500g,2,EMG4418824976893,有,
9260129000003,子牧西蒙塔尔牛肉/火锅组合5500g,new,9260129000003,子牧精品牛腩块500g,2,EMG4418727173231,有,
9260129000003,子牧西蒙塔尔牛肉/火锅组合5500g,new,9260129000003,子牧精品牛腿肉500g,2,EMG4418778272348,有,
9260129000003,子牧西蒙塔尔牛肉/火锅组合5500g,new,9260129000003,子牧精品牛肋条500g,1,EMG4418861058751,有,
9260129000003,子牧西蒙塔尔牛肉/火锅组合5500g,new,9260129000003,小龙坎4拼800g,1,EMG4418727168035,有,
9260129000003,子牧西蒙塔尔牛肉/火锅组合5500g,new,9260129000003,小龙坎6拼1.2kg,1,EMG4418691848450,有,
9260129000006,原切精品羊肉组合7800g,new,9260129000006,原切羊小腿500g,2,EMG4418691851778,有,
9260129000006,原切精品羊肉组合7800g,new,9260129000006,原切羊腿小切500g,2,EMG4418737161147,有,
9260129000006,原切精品羊肉组合7800g,new,9260129000006,原切带骨羔羊后羊腿块500g,4,EMG4418861053763,有,
9260129000006,原切精品羊肉组合7800g,new,9260129000006,原切羊腿肉500g,2,EMG4418691852262,有,
9260129000006,原切精品羊肉组合7800g,new,9260129000006,原切羊肉块500g,2,EMG4418767460168,有,
9260129000006,原切精品羊肉组合7800g,new,9260129000006,原切羊排块500g,2,EMG4418767459988,有,
9260129000006,原切精品羊肉组合7800g,new,9260129000006,原切法式羊排400g,2,EMG4418819504770,有,
9260129000007,子牧西蒙塔尔牛肉/火锅组合9400g,new,9260129000007,精品牛腱子500g,3,EMG4418824976893,有,
9260129000007,子牧西蒙塔尔牛肉/火锅组合9400g,new,9260129000007,精品牛腩块500g,4,EMG4418727173231,有,
9260129000007,子牧西蒙塔尔牛肉/火锅组合9400g,new,9260129000007,精品牛腿肉500g,2,EMG4418778272348,有,
9260129000007,子牧西蒙塔尔牛肉/火锅组合9400g,new,9260129000007,精品牛肋条500g,1,EMG4418861058751,有,
9260129000007,子牧西蒙塔尔牛肉/火锅组合9400g,new,9260129000007,精品澳洲谷饲牛蝎子400g,1,EMG4418691848770,有,
9260129000007,子牧西蒙塔尔牛肉/火锅组合9400g,new,9260129000007,小龙坎4拼800g,2,EMG4418727168035,有,
9260129000007,子牧西蒙塔尔牛肉/火锅组合9400g,new,9260129000007,份（鸭肠200g、牛黄喉200g、白千层200g、脆毛肚200g）,1,EMG4418727168035,有,
9260129000007,子牧西蒙塔尔牛肉/火锅组合9400g,new,9260129000007,小龙坎6拼1.2kg,2,EMG4418691848450,有,
9260129000007,子牧西蒙塔尔牛肉/火锅组合9400g,new,9260129000007,份（麻辣牛肉200g、水晶嫩牛肉200g、椒麻脆舌200g、麻辣小郡肝200g、麻辣排骨200g、仔猪五花肉200g）,1,EMG4418691848450,有,
9260204000003,子牧精品羊肉礼包4900g（BJ）,new,9260204000003,子牧精品羊腿小切500g,1,EMG4418737161147,有,
9260204000003,子牧精品羊肉礼包4900g（BJ）,new,9260204000003,子牧精品带骨羔羊后腿块500g,2,EMG4418861053763,有,
9260204000003,子牧精品羊肉礼包4900g（BJ）,new,9260204000003,子牧精品带骨羊肉块500g,2,EMG4418861052375,有,
9260204000003,子牧精品羊肉礼包4900g（BJ）,new,9260204000003,子牧精品羊排块500g,2,EMG4418767459988,有,
9260204000003,子牧精品羊肉礼包4900g（BJ）,new,9260204000003,子牧精品羊蝎子500g,2,EMG4418727170819,有,
9260204000003,子牧精品羊肉礼包4900g（BJ）,new,9260204000003,子牧精品法式羊排400g,1,EMG4418819504770,有,
9260204000004,子牧精品牛肉/火锅组合礼包4400g（BJ）,new,9260204000004,子牧精品牛腱子500g,2,EMG4418824976893,有,
9260204000004,子牧精品牛肉/火锅组合礼包4400g（BJ）,new,9260204000004,子牧精品牛腩块500g,2,EMG4418727173231,有,
9260204000004,子牧精品牛肉/火锅组合礼包4400g（BJ）,new,9260204000004,小龙坎十种拼盘2kg (麻辣牛肉200g;嫩牛肉200g;椒麻脆舌200g;小郡肝200g;仔猪五花肉200高;麻辣排骨200g;脆毛肚200g;黄喉200g;白千层200g;鸭肠200g)（6拼）,1,EMG4418691848450,有,
9260204000004,子牧精品牛肉/火锅组合礼包4400g（BJ）,new,9260204000004,小龙坎（4拼）,1,EMG4418727168035,有,
9260204000004,子牧精品牛肉/火锅组合礼包4400g（BJ）,new,9260204000004,澳洲和牛M5霜降肥牛卷200g,2,EMG4418918549603,有,
9260204000007,原切精品牛肉大礼包6140g,new,9260204000007,原切精品牛腩块500g,2,EMG4418727173231,有,
9260204000007,原切精品牛肉大礼包6140g,new,9260204000007,原切精品牛腱子500g,2,EMG4418824976893,有,
9260204000007,原切精品牛肉大礼包6140g,new,9260204000007,原切精品筋头巴脑500g,1,EMG4418705676249,有,
9260204000007,原切精品牛肉大礼包6140g,new,9260204000007,原切精品牛肋条500g,2,EMG4418861058751,有,
9260204000007,原切精品牛肉大礼包6140g,new,9260204000007,原切精品牛蝎子400g,3,EMG4418691848770,有,
9260204000007,原切精品牛肉大礼包6140g,new,9260204000007,原切精品牛肋排400g,3,EMG4418727173759,有,
9260204000007,原切精品牛肉大礼包6140g,new,9260204000007,精品肩胛烤肉片120g,2,EMG4418904463768,有,
9260204000008,原切精品羊肉大礼包6100g,new,9260204000008,原切精品带骨羊肉块500g,2,EMG4418861052375,有,
9260204000008,原切精品羊肉大礼包6100g,new,9260204000008,原切精品羊排块500g,1,EMG4418767459988,有,
9260204000008,原切精品羊肉大礼包6100g,new,9260204000008,原切精品羊蝎子500g,3,EMG4418727170819,有,
9260204000008,原切精品羊肉大礼包6100g,new,9260204000008,原切法式羊排400g,2,EMG4418819504770,有,
9260204000008,原切精品羊肉大礼包6100g,new,9260204000008,原切精品羊腿小切400g,2,EMG4418737161147,有,
9260204000008,原切精品羊肉大礼包6100g,new,9260204000008,原切精品带骨羔羊后腿块500g,2,EMG4418861053763,有,
9260204000008,原切精品羊肉大礼包6100g,new,9260204000008,羊肉馅 500g,1,EMG4418904458684,有,
9260210000006,子牧原切牛肉礼包3100g,new,9260210000006,子牧原切精品牛腩块500g,1,EMG4418727173231,有,
9260210000006,子牧原切牛肉礼包3100g,new,9260210000006,子牧原切精品牛腱子500g,1,EMG4418824976893,有,
9260210000006,子牧原切牛肉礼包3100g,new,9260210000006,子牧原切精品牛肋条500g,1,EMG4418861058751,有,
9260210000006,子牧原切牛肉礼包3100g,new,9260210000006,子牧原切精品牛蝎子400g,2,EMG4418691848770,有,
9260210000006,子牧原切牛肉礼包3100g,new,9260210000006,子牧原切精品精选肥牛卷300g,1,,缺,
9260210000006,子牧原切牛肉礼包3100g,new,9260210000006,子牧原切精品牛腿肉500g,1,EMG4418778272348,有,
9260210000007,子牧原切羊肉礼包3500g,new,9260210000007,子牧原切精品带骨羔羊后腿块500g,1,EMG4418861053763,有,
9260210000007,子牧原切羊肉礼包3500g,new,9260210000007,子牧原切精品带骨羊肉块500g,2,EMG4418861052375,有,
9260210000007,子牧原切羊肉礼包3500g,new,9260210000007,子牧原切精品羊排快500g,1,EMG4418767459988,有,
9260210000007,子牧原切羊肉礼包3500g,new,9260210000007,子牧原切精品羊蝎子500g,1,EMG4418727170819,有,
9260210000007,子牧原切羊肉礼包3500g,new,9260210000007,子牧原切精品羊腿小切500g,1,EMG4418737161147,有,
9260210000007,子牧原切羊肉礼包3500g,new,9260210000007,子牧原切精品羊小腿500g,1,EMG4418691851778,有,
9260402000012,2026子牧精品牛羊肉小组合2800g,new,9260402000012,精品牛腩块500g,1,EMG4418727173231,有,
9260402000012,2026子牧精品牛羊肉小组合2800g,new,9260402000012,精品羊蝎子500g,1,EMG4418727170819,有,
9260402000012,2026子牧精品牛羊肉小组合2800g,new,9260402000012,精品牛蝎子400g,2,EMG4418691848770,有,
9260402000012,2026子牧精品牛羊肉小组合2800g,new,9260402000012,精品带骨羊后腿块500g,1,EMG4418861053763,有,
9260402000012,2026子牧精品牛羊肉小组合2800g,new,9260402000012,精品带骨羊肉块500g,1,EMG4418861052375,有,
9260402000011,2026子牧精品牛羊肉大组合5700g,new,9260402000011,精品牛腩块500g,1,EMG4418727173231,有,
9260402000011,2026子牧精品牛羊肉大组合5700g,new,9260402000011,精品牛腱子500g,1,EMG4418824976893,有,
9260402000011,2026子牧精品牛羊肉大组合5700g,new,9260402000011,精品牛肋条500g,1,EMG4418861058751,有,
9260402000011,2026子牧精品牛羊肉大组合5700g,new,9260402000011,精品羊蝎子500g,2,EMG4418727170819,有,
9260402000011,2026子牧精品牛羊肉大组合5700g,new,9260402000011,精品牛蝎子400g,2,EMG4418691848770,有,
9260402000011,2026子牧精品牛羊肉大组合5700g,new,9260402000011,精品牛肋排400g,1,EMG4418727173759,有,
9260402000011,2026子牧精品牛羊肉大组合5700g,new,9260402000011,精品带骨羊肉块500g,2,EMG4418861052375,有,
9260402000011,2026子牧精品牛羊肉大组合5700g,new,9260402000011,精品帶骨羔羊后退块500g,1,EMG4418861053763,有,
9260402000011,2026子牧精品牛羊肉大组合5700g,new,9260402000011,精品羊小腿500g,1,EMG4418691851778,有,
9260410000045,2026原切精品牛羊礼包5800g,new,9260410000045,原切精品带骨羊后腿块500g,1,EMG4418861053763,有,
9260410000045,2026原切精品牛羊礼包5800g,new,9260410000045,原切精品带骨羊肉块500g,1,EMG4418861052375,有,
9260410000045,2026原切精品牛羊礼包5800g,new,9260410000045,原切精品羊腿小切500g,1,EMG4418737161147,有,
9260410000045,2026原切精品牛羊礼包5800g,new,9260410000045,原切精品羊排块500g,1,EMG4418767459988,有,
9260410000045,2026原切精品牛羊礼包5800g,new,9260410000045,原切精品牛肋条500g,1,EMG4418861058751,有,
9260410000045,2026原切精品牛羊礼包5800g,new,9260410000045,原切精品牛腱子500g,1,EMG4418824976893,有,
9260410000045,2026原切精品牛羊礼包5800g,new,9260410000045,原切精品牛腩块500g,2,EMG4418727173231,有,
9260410000045,2026原切精品牛羊礼包5800g,new,9260410000045,原切精品羊蝎子500g,2,EMG4418727170819,有,
9260410000045,2026原切精品牛羊礼包5800g,new,9260410000045,原切精品牛蝎子400g,2,EMG4418691848770,有,
9260414000009,2026年子牧牛羊套餐3950g（DZ）,new,9260414000009,牛腩块500,2,EMG4418727173231,有,
9260414000009,2026年子牧牛羊套餐3950g（DZ）,new,9260414000009,牛蝎子400g,2,EMG4418691848770,有,
9260414000009,2026年子牧牛羊套餐3950g（DZ）,new,9260414000009,上脑牛排150g,1,EMG4418824973489,有,
9260414000009,2026年子牧牛羊套餐3950g（DZ）,new,9260414000009,羊小腿500g,1,EMG4418691851778,有,
9260414000009,2026年子牧牛羊套餐3950g（DZ）,new,9260414000009,带骨羔羊后腿块500g,1,EMG4418861053763,有,
9260414000009,2026年子牧牛羊套餐3950g（DZ）,new,9260414000009,羊蝎子500g,2,EMG4418727170819,有,
9260428000076,20260428子牧牛肉套餐2200g（DZ）,new,9260428000076,牛腩块500g,1,EMG4418727173231,有,
9260428000076,20260428子牧牛肉套餐2200g（DZ）,new,9260428000076,牛腿肉500g,1,EMG4418778272348,有,
9260428000076,20260428子牧牛肉套餐2200g（DZ）,new,9260428000076,牛助排400g,1,EMG4418727173759,有,
9260428000076,20260428子牧牛肉套餐2200g（DZ）,new,9260428000076,牛蝎子400g,2,EMG4418691848770,有,
9260428000077,20260428子牧羊肉套餐2500g（DZ）,new,9260428000077,带骨羊肉块500g,1,EMG4418861052375,有,
9260428000077,20260428子牧羊肉套餐2500g（DZ）,new,9260428000077,羊排块500g,1,EMG4418767459988,有,
9260428000077,20260428子牧羊肉套餐2500g（DZ）,new,9260428000077,羊小腿500g,1,EMG4418691851778,有,
9260428000077,20260428子牧羊肉套餐2500g（DZ）,new,9260428000077,羊蝎子500g,2,EMG4418727170819,有,
9260428000078,20260428子牧原切精品牛肉礼包3100g,new,9260428000078,原切精品牛腩块500g,1,EMG4418727173231,有,
9260428000078,20260428子牧原切精品牛肉礼包3100g,new,9260428000078,原切精品牛腿肉500g,1,EMG4418778272348,有,
9260428000078,20260428子牧原切精品牛肉礼包3100g,new,9260428000078,原切精品牛腱子500g,1,EMG4418824976893,有,
9260428000078,20260428子牧原切精品牛肉礼包3100g,new,9260428000078,原切精品牛助排400g,2,EMG4418727173759,有,
9260428000078,20260428子牧原切精品牛肉礼包3100g,new,9260428000078,原切精品牛蝎子400g,2,EMG4418691848770,有,
9260428000079,20260428子牧原切精品羊肉组合3500g,new,9260428000079,原切精品新西兰羔羊羊颈排1kg,1,EMG4418904458528,有,
9260428000079,20260428子牧原切精品羊肉组合3500g,new,9260428000079,原切精品带骨羊肉块500g,1,EMG4418861052375,有,
9260428000079,20260428子牧原切精品羊肉组合3500g,new,9260428000079,原切精品带骨羔羊后腿块500g,1,EMG4418861053763,有,
9260428000079,20260428子牧原切精品羊肉组合3500g,new,9260428000079,原切精品羊小腿500g,1,EMG4418691851778,有,
9260428000079,20260428子牧原切精品羊肉组合3500g,new,9260428000079,原切精品羊蝎子500g,2,EMG4418727170819,有,
BUNDLE-01,牛肉礼包4200g,old,BUNDLE-01,牛腩块500g,2,EMG4418727173231,有,
BUNDLE-01,牛肉礼包4200g,old,BUNDLE-01,牛腱子500g,1,EMG4418824976893,有,
BUNDLE-01,牛肉礼包4200g,old,BUNDLE-01,牛肉块,1,EMG4418727169547,有,
BUNDLE-01,牛肉礼包4200g,old,BUNDLE-01,牛后腿肉,1,EMG4418778272348,有,
BUNDLE-01,牛肉礼包4200g,old,BUNDLE-01,筋头巴脑500g,1,EMG4418705676249,有,
BUNDLE-01,牛肉礼包4200g,old,BUNDLE-01,牛肉馅,1,EMG4418904462240,有,
BUNDLE-01,牛肉礼包4200g,old,BUNDLE-01,牛蝎子400g,1,EMG4418691848770,有,
BUNDLE-01,牛肉礼包4200g,old,BUNDLE-01,精选牛肉卷,1,EMG4418767478832,有,
BUNDLE-02,羊肉礼包5200g,old,BUNDLE-02,EMG:EMG4418861038167(名称待补),1,EMG4418861038167,有,旧文件EMG无法解码名称
BUNDLE-02,羊肉礼包5200g,old,BUNDLE-02,新西兰羔羊羊颈排,1,EMG4418904458528,有,
BUNDLE-02,羊肉礼包5200g,old,BUNDLE-02,羊腿小切,1,EMG4418737161147,有,
BUNDLE-02,羊肉礼包5200g,old,BUNDLE-02,羊排块500g,1,EMG4418767459988,有,
BUNDLE-02,羊肉礼包5200g,old,BUNDLE-02,羊蝎子,2,EMG4418727170819,有,
BUNDLE-03,羊肉大礼包6100g,old,BUNDLE-03,EMG:EMG4418861038167(名称待补),1,EMG4418861038167,有,旧文件EMG无法解码名称
BUNDLE-03,羊肉大礼包6100g,old,BUNDLE-03,新西兰羔羊羊颈排,1,EMG4418904458528,有,
BUNDLE-03,羊肉大礼包6100g,old,BUNDLE-03,新西兰羔羊肉卷,2,EMG4418697325133,有,
BUNDLE-03,羊肉大礼包6100g,old,BUNDLE-03,羊腿小切,1,EMG4418737161147,有,
BUNDLE-03,羊肉大礼包6100g,old,BUNDLE-03,羊排块500g,1,EMG4418767459988,有,
BUNDLE-03,羊肉大礼包6100g,old,BUNDLE-03,羊蝎子,1,EMG4418727170819,有,
BUNDLE-03,羊肉大礼包6100g,old,BUNDLE-03,羊肉块,1,EMG4418767460168,有,
BUNDLE-03,羊肉大礼包6100g,old,BUNDLE-03,羊棒骨,1,EMG4418819505546,有,
BUNDLE-04,牛羊肉豪华大礼包7520g,old,BUNDLE-04,EMG:EMG4418861038167(名称待补),1,EMG4418861038167,有,旧文件EMG无法解码名称
BUNDLE-04,牛羊肉豪华大礼包7520g,old,BUNDLE-04,牛腩块500g,1,EMG4418727173231,有,
BUNDLE-04,牛羊肉豪华大礼包7520g,old,BUNDLE-04,牛腱子500g,1,EMG4418824976893,有,
BUNDLE-04,牛羊肉豪华大礼包7520g,old,BUNDLE-04,牛蝎子400g,1,EMG4418691848770,有,
BUNDLE-04,牛羊肉豪华大礼包7520g,old,BUNDLE-04,牛肋排,1,EMG4418727173759,有,
BUNDLE-04,牛羊肉豪华大礼包7520g,old,BUNDLE-04,肩胛烤肉片,1,EMG4418904463768,有,
BUNDLE-04,牛羊肉豪华大礼包7520g,old,BUNDLE-04,羊蝎子,1,EMG4418727170819,有,
BUNDLE-04,牛羊肉豪华大礼包7520g,old,BUNDLE-04,羊排块500g,1,EMG4418767459988,有,
BUNDLE-04,牛羊肉豪华大礼包7520g,old,BUNDLE-04,羊小腿,1,EMG4418691851778,有,
BUNDLE-04,牛羊肉豪华大礼包7520g,old,BUNDLE-04,羊肉块,1,EMG4418767460168,有,
BUNDLE-04,牛羊肉豪华大礼包7520g,old,BUNDLE-04,法式羊排,1,EMG4418819504770,有,
BUNDLE-04,牛羊肉豪华大礼包7520g,old,BUNDLE-04,新西兰羔羊羊颈排,1,EMG4418904458528,有,
BUNDLE-05,精品豪华牛羊肉礼包5900g,old,BUNDLE-05,EMG:EMG4418861038167(名称待补),1,EMG4418861038167,有,旧文件EMG无法解码名称
BUNDLE-05,精品豪华牛羊肉礼包5900g,old,BUNDLE-05,羊肉块,4,EMG4418767460168,有,
BUNDLE-05,精品豪华牛羊肉礼包5900g,old,BUNDLE-05,法式羊排,1,EMG4418819504770,有,
BUNDLE-05,精品豪华牛羊肉礼包5900g,old,BUNDLE-05,羊蝎子,2,EMG4418727170819,有,
BUNDLE-05,精品豪华牛羊肉礼包5900g,old,BUNDLE-05,牛肋排,2,EMG4418727173759,有,
BUNDLE-05,精品豪华牛羊肉礼包5900g,old,BUNDLE-05,筋头巴脑500g,1,EMG4418705676249,有,
BUNDLE-05,精品豪华牛羊肉礼包5900g,old,BUNDLE-05,牛后腿肉,1,EMG4418778272348,有,
BUNDLE-06,羊肉豪华大礼包7100g,old,BUNDLE-06,EMG:EMG4418861038167(名称待补),1,EMG4418861038167,有,旧文件EMG无法解码名称
BUNDLE-06,羊肉豪华大礼包7100g,old,BUNDLE-06,新西兰羔羊羊颈排,1,EMG4418904458528,有,
BUNDLE-06,羊肉豪华大礼包7100g,old,BUNDLE-06,羊小腿,1,EMG4418691851778,有,
BUNDLE-06,羊肉豪华大礼包7100g,old,BUNDLE-06,羊排块500g,1,EMG4418767459988,有,
BUNDLE-06,羊肉豪华大礼包7100g,old,BUNDLE-06,羊肉块,1,EMG4418767460168,有,
BUNDLE-06,羊肉豪华大礼包7100g,old,BUNDLE-06,法式羊排,1,EMG4418819504770,有,
BUNDLE-06,羊肉豪华大礼包7100g,old,BUNDLE-06,带骨羊后腿块,1,EMG4418861053763,有,
BUNDLE-06,羊肉豪华大礼包7100g,old,BUNDLE-06,羊蝎子,2,EMG4418727170819,有,
BUNDLE-06,羊肉豪华大礼包7100g,old,BUNDLE-06,羊肉馅,1,EMG4418904458684,有,
BUNDLE-07,牛羊满福肉类礼盒4000g,old,BUNDLE-07,牛腩块500g,1,EMG4418727173231,有,
BUNDLE-07,牛羊满福肉类礼盒4000g,old,BUNDLE-07,牛腱子500g,1,EMG4418824976893,有,
BUNDLE-07,牛羊满福肉类礼盒4000g,old,BUNDLE-07,牛后腿肉,1,EMG4418778272348,有,
BUNDLE-07,牛羊满福肉类礼盒4000g,old,BUNDLE-07,牛蝎子400g,1,EMG4418691848770,有,
BUNDLE-07,牛羊满福肉类礼盒4000g,old,BUNDLE-07,羊排块500g,1,EMG4418767459988,有,
BUNDLE-07,牛羊满福肉类礼盒4000g,old,BUNDLE-07,羊腿肉,1,EMG4418691852262,有,
BUNDLE-07,牛羊满福肉类礼盒4000g,old,BUNDLE-07,羊肉块,1,EMG4418767460168,有,
BUNDLE-07,牛羊满福肉类礼盒4000g,old,BUNDLE-07,羊蝎子,1,EMG4418727170819,有,
BUNDLE-07,牛羊满福肉类礼盒4000g,old,BUNDLE-07,肩胛烤肉片,1,EMG4418904463768,有,
BUNDLE-08,中秋礼包1,old,BUNDLE-08,M8-9和牛上脑片,4,EMG4418691862714,有,
BUNDLE-08,中秋礼包1,old,BUNDLE-08,和牛肉饼100g,8,EMG4418697322825,有,
BUNDLE-08,中秋礼包1,old,BUNDLE-08,牛腩块500g,1,EMG4418727173231,有,
BUNDLE-08,中秋礼包1,old,BUNDLE-08,牛肋条,1,EMG4418861058751,有,
BUNDLE-08,中秋礼包1,old,BUNDLE-08,东乡贡羊羔羊羊排块,2,EMG4418727177771,有,
BUNDLE-08,中秋礼包1,old,BUNDLE-08,东乡贡羊羔羊羊腱子,2,EMG4418819505978,有,
BUNDLE-09,【京东配送】子牧牛羊肉智选礼包A5000g,old,BUNDLE-09,牛肉块,1,EMG4418727169547,有,
BUNDLE-09,【京东配送】子牧牛羊肉智选礼包A5000g,old,BUNDLE-09,牛蝎子400g,2,EMG4418691848770,有,
BUNDLE-09,【京东配送】子牧牛羊肉智选礼包A5000g,old,BUNDLE-09,牛肋排,2,EMG4418727173759,有,
BUNDLE-09,【京东配送】子牧牛羊肉智选礼包A5000g,old,BUNDLE-09,羊蝎子,2,EMG4418727170819,有,
BUNDLE-09,【京东配送】子牧牛羊肉智选礼包A5000g,old,BUNDLE-09,羊肉块,1,EMG4418767460168,有,
BUNDLE-09,【京东配送】子牧牛羊肉智选礼包A5000g,old,BUNDLE-09,羊腿小切,1,EMG4418737161147,有,
BUNDLE-09,【京东配送】子牧牛羊肉智选礼包A5000g,old,BUNDLE-09,法式羊排,1,EMG4418819504770,有,
BUNDLE-09,【京东配送】子牧牛羊肉智选礼包A5000g,old,BUNDLE-09,带骨羊后腿块,1,EMG4418861053763,有,
BUNDLE-10,【京东配送】子牧牛羊肉超值礼包A3700g,old,BUNDLE-10,牛肉块,1,EMG4418727169547,有,
BUNDLE-10,【京东配送】子牧牛羊肉超值礼包A3700g,old,BUNDLE-10,牛蝎子400g,1,EMG4418691848770,有,
BUNDLE-10,【京东配送】子牧牛羊肉超值礼包A3700g,old,BUNDLE-10,牛肋排,2,EMG4418727173759,有,
BUNDLE-10,【京东配送】子牧牛羊肉超值礼包A3700g,old,BUNDLE-10,羊蝎子,2,EMG4418727170819,有,
BUNDLE-10,【京东配送】子牧牛羊肉超值礼包A3700g,old,BUNDLE-10,羊腿小切,1,EMG4418737161147,有,
BUNDLE-10,【京东配送】子牧牛羊肉超值礼包A3700g,old,BUNDLE-10,羊肉块,1,EMG4418767460168,有,
BUNDLE-11,清真牛羊肉生鲜礼包2400g,old,BUNDLE-11,牛蝎子400g,1,EMG4418691848770,有,
BUNDLE-11,清真牛羊肉生鲜礼包2400g,old,BUNDLE-11,牛肉块,1,EMG4418727169547,有,
BUNDLE-11,清真牛羊肉生鲜礼包2400g,old,BUNDLE-11,羊蝎子,1,EMG4418727170819,有,
BUNDLE-11,清真牛羊肉生鲜礼包2400g,old,BUNDLE-11,羊肉块,1,EMG4418767460168,有,
BUNDLE-11,清真牛羊肉生鲜礼包2400g,old,BUNDLE-11,羊小腿,1,EMG4418691851778,有,
BUNDLE-R01,新年礼包800,old-right,BUNDLE-R01,M5霜降肥牛卷,4,EMG4418918549603,有,
BUNDLE-R01,新年礼包800,old-right,BUNDLE-R01,新西兰羔羊羊颈排,1,EMG4418904458528,有,
BUNDLE-R01,新年礼包800,old-right,BUNDLE-R01,新西兰羔羊肉卷,4,EMG4418697325133,有,
BUNDLE-R01,新年礼包800,old-right,BUNDLE-R01,板健,2,EMG4418944686675,有,
BUNDLE-R01,新年礼包800,old-right,BUNDLE-R01,肥牛,2,EMG4418903135378,有,
BUNDLE-R01,新年礼包800,old-right,BUNDLE-R01,小龙坎（4拼）,1,EMG4418727168035,有,
BUNDLE-R01,新年礼包800,old-right,BUNDLE-R01,小龙坎6拼1.2kg,1,EMG4418691848450,有,
BUNDLE-R02,新年礼包1,old-right,BUNDLE-R02,M5霜降肥牛卷,4,EMG4418918549603,有,
BUNDLE-R02,新年礼包1,old-right,BUNDLE-R02,新西兰羔羊羊颈排,1,EMG4418904458528,有,
BUNDLE-R02,新年礼包1,old-right,BUNDLE-R02,新西兰羔羊肉卷,4,EMG4418697325133,有,
BUNDLE-R02,新年礼包1,old-right,BUNDLE-R02,板健,2,EMG4418944686675,有,
BUNDLE-R02,新年礼包1,old-right,BUNDLE-R02,肥牛,2,EMG4418903135378,有,
BUNDLE-R02,新年礼包1,old-right,BUNDLE-R02,小龙坎（4拼）,1,EMG4418727168035,有,
BUNDLE-R02,新年礼包1,old-right,BUNDLE-R02,小龙坎6拼1.2kg,1,EMG4418691848450,有,
BUNDLE-R02,新年礼包1,old-right,BUNDLE-R02,牛腱子500g,2,EMG4418824976893,有,
BUNDLE-R02,新年礼包1,old-right,BUNDLE-R02,牛腩块500g,2,EMG4418727173231,有,
BUNDLE-R02,新年礼包1,old-right,BUNDLE-R02,原切西冷牛排,2,EMG4418861059959,有,
BUNDLE-R02,新年礼包1,old-right,BUNDLE-R02,原切眼肉牛排,2,EMG4418904462756,有,
BUNDLE-R02,新年礼包1,old-right,BUNDLE-R02,M8-9和牛上脑片,2,EMG4418691862714,有,
