provider_sku_code	provider_sku_name	aliases
EMG4418691848450	小龙坎火锅拼盘(6拼)	【京东配送】小龙坎火锅食材肉类6拼盘1.2kg|小龙坎火锅拼盘(肉类6拼)1.2KG|小龙坎火锅拼盘(肉类6拼)1.2KG(200g*6)|小龙坎肉类6拼1200g
EMG4418691848770	卓宸澳洲谷饲牛蝎子	【京东配送】子牧澳洲谷饲牛蝎子400g*2袋|子牧原切澳洲谷饲牛蝎子400g*2
EMG4418691851778	羊小腿	【京东配送】子牧羊小腿(羊腱子)500g*2袋|子牧羊小腿(羊腱子)500g*2
EMG4418691852262	羊腿肉	【京东配送】子牧原切纯肉羊腿肉500g*2袋|子牧原切纯肉羊腿肉500g*2|子牧羊腿肉500g*2
EMG4418691853286	M6-7三拼和牛	
EMG4418691857578	东乡贡羊羔羊羊肉卷	子牧东乡贡羊羔羊羊肉卷500g*2
EMG4418691858238	牛肉饼(1.2kg)	【京东配送】子牧进口生鲜谷饲牛肉饼1.2kg|子牧进口谷饲牛肉饼1.2KG*1
EMG4418691862714	M8-9和牛上脑片	【京东配送】子牧M8-9和牛上脑涮烤片150g*4|子牧M8-9和牛上脑烤肉片150*2|子牧和牛M8-9上脑涮烤片150g*4
EMG4418697322825	和牛肉饼100g	【京东配送】子牧生鲜和牛肉饼100g*8片
EMG4418697325133	新西兰羔羊肉卷	子牧新西兰羔羊肉卷200g*4
EMG4418705676249	筋头巴脑(500g)	【京东配送】子牧筋头巴脑500g*2袋|子牧原切筋头巴脑500g*2|子牧筋头巴脑(牛肉筋)500g*2
EMG4418726551051	海盐五花肉120g	
EMG4418727167063	鸵鸟凤尾肉排80g	
EMG4418727168035	小龙坎火锅拼盘(4拼)	【京东配送】小龙坎火锅食材4拼盘800g|小龙坎毛肚4拼800g|小龙坎火锅拼盘(毛肚4拼)800g|小龙坎火锅拼盘(毛肚4拼)800g(200g*4)
EMG4418727169547	牛肉块	【京东配送】子牧牛肉块500g*2袋|子牧原切牛肉块500g*2|子牧牛肉块500g*2
EMG4418727169935	日式谷饲横膈膜150g	
EMG4418727170819	羊蝎子	【京东配送】子牧生鲜羊蝎子500g*2袋|子牧羊蝎子500g*2
EMG4418727173231	牛腩块(500g)	【京东配送】子牧牛腩块500g*2袋|子牧原切牛腩块500g*2|子牧牛腩块500g*2
EMG4418727173759	牛肋排	【京东配送】子牧澳洲谷饲牛肋排400g*2袋|子牧澳洲谷饲牛肋排400g*2
EMG4418727174451	上脑肉片	【京东配送】子牧澳洲谷饲上脑牛肉片1kg|子牧澳洲谷饲上脑牛肉片1KG|子牧澳洲谷饲上脑牛肉片1KG*1
EMG4418727177039	东乡贡羊羔羊羊腿块	子牧东乡贡羊羔羊羊腿块500g*2
EMG4418727177771	东乡贡羊羔羊羊排块	【京东配送】子牧东乡贡羊羔羊羊排500g*2袋|子牧东乡贡羊羔羊羊排500g*2
EMG4418727180447	安格斯牛舌	
EMG4418727188031	东乡贡羊羔羊羊尾尖	【京东配送】子牧东乡贡羊羔羊羊尾尖500g*2袋
EMG4418737161147	羊腿小切	【京东配送】子牧羊腿小切500g*2袋|子牧羊腿小切500g*2
EMG4418767454800	黄金六两120g	
EMG4418767456456	韩式家庭烤肉150g	【京东配送】子牧朝鲜族家庭烤牛肉150g*4盒
EMG4418767459988	羊排块(羊寸排)	【京东配送】子牧羊寸排块500g*2袋|子牧原切羊排块(羊寸排)500g*2|子牧羊排块(羊寸排)500g*2
EMG4418767460168	羊肉块	【京东配送】子牧原切纯肉羊肉块500g*2袋|子牧原切纯肉羊肉块500g*2|子牧羊肉块500g*2
EMG4418767476480	东乡贡羊羔羊羊蝎子	【京东配送】子牧东乡贡羊羔羊多肉羊蝎子500g*2袋|子牧东乡贡羊羊蝎子(多肉)500g*2
EMG4418767478832	精选牛肉卷	子牧原切牛肉卷300g*3
EMG4418778272348	牛后腿肉	【京东配送】子牧牛后腿肉500g*2袋|子牧牛后腿肉500g*2|子牧牛腿肉500g*2
EMG4418819504770	法式羊排	【京东配送】子牧法式羊排400g*2袋|法式羊排400g*2
EMG4418819505546	羊棒骨	【京东配送】子牧羊棒骨500g*3袋|子牧羊棒骨500g*2|子牧羊棒骨500g*3
EMG4418819505978	东乡贡羊羔羊羊腱子	【京东配送】子牧东乡贡羊羔羊羊腱子500g*2袋|子牧东乡贡羊羔羊羊腱子500g*2
EMG4418824973489	上脑牛排	【京东配送】子牧澳洲原切谷饲上脑牛排150g*4袋|子牧澳洲原切谷饲上脑牛排150g*4
EMG4418824974537	牛肉片	【京东配送】子牧牛肉片150g*4|子牧牛肉片150g*4
EMG4418824976893	牛腱子(谷饲牛腱子)	【京东配送】子牧谷饲安格斯牛腱子肉500g*2袋|子牧原切牛腱子500g*2|子牧牛腱子(谷饲牛腱子)500g*2
EMG4418861038167	京东商品 EMG4418861038167	
EMG4418861052375	带骨羊肉块	【京东配送】子牧原切带骨羊肉块500g*2袋|子牧原切带骨羊肉块500g*2|子牧带骨羊肉块500g*2
EMG4418861053763	带骨羊后腿块	【京东配送】子牧羊后腿块500g*2袋|子牧带骨羊后腿块500g*2|子牧羊带骨后腿块500g*2
EMG4418861057923	东乡贡羊羔羊羊腿骨	子牧东乡贡羊羔羊羊腿骨500g*2
EMG4418861058751	牛肋条	【京东配送】子牧牛肋条500g*2袋|子牧原切牛肋条500g*2|子牧牛肋条500g*2
EMG4418861059959	原切西冷牛排	子牧原切西冷牛排150g*4
EMG4418903135378	肥牛	
EMG4418904458528	新西兰羔羊羊颈排	【京东配送】子牧新西兰羔羊羊颈排1kg|子牧新西兰羔羊羊颈排1KG|子牧新西兰羔羊羊颈排1KG*1
EMG4418904458684	羊肉馅	【京东配送】子牧羊肉馅500g*2袋|子牧羊肉馅500g*2
EMG4418904461896	牛肉丝	【京东配送】子牧生鲜牛肉丝150g*4袋|子牧牛肉丝150g*4
EMG4418904462240	牛肉馅	【京东配送】子牧牛肉馅500g*2袋|子牧牛肉馅500g*2
EMG4418904462756	原切眼肉牛排	【京东配送】子牧原切眼肉牛排150g*4袋|子牧原切眼肉牛排150g*4
EMG4418904463768	肩胛烤肉片	【京东配送】子牧肩胛烤牛肉片120g*6|子牧原切牛肩胛烤肉片120g*4|肩胛烤肉片120g*4
EMG4418918549603	M5霜降肥牛卷	
EMG4418944686675	板健	
EMG4418946764789	200西冷	
EMG4418955709745	海报	
EMG4418966785087	子牧黄油牛小排400g	
EMG4419026221532	A5	
EMG4419026250992	200眼肉牛排	
EMG4419148366261	烤炉	
EMG4419194710122	M8-9日式和牛厚切烧肉	
EMG4419200212053	鸡肉烧烤组合	
EMG4419279687164	牛羊肉烧烤组合	
